INSERT INTO clientes (id, apellidos, dni, email, nombres, telefono) VALUES (1, 'Connor Rowe', '16348743', 'sapien@hotmail.org', 'Sopoline Mccullough', '938524276');
INSERT INTO clientes (id, apellidos, dni, email, nombres, telefono) VALUES (2, 'Lewis Cummings', '53555842', 'nunc.sed@google.net', 'Kermit Haley', '927178468');
INSERT INTO clientes (id, apellidos, dni, email, nombres, telefono) VALUES (3, 'Nevada Ball', '65284432', 'dui.nec@yahoo.net', 'Simon Duncan', '944884785');
INSERT INTO clientes (id, apellidos, dni, email, nombres, telefono) VALUES (4, 'Fredericka Ferguson', '79973527', 'enim.mauris@aol.org', 'Yen Benton', '948123888');
INSERT INTO clientes (id, apellidos, dni, email, nombres, telefono) VALUES (5, 'Travis Clay', '88797848', 'nunc.ac@outlook.net', 'Kimberley Hardin', '927272877');
INSERT INTO clientes (id, apellidos, dni, email, nombres, telefono) VALUES (6, 'Talon Moore', '45763557', 'blandit.mattis.cras@aol.ca', 'Ahmed Elliott', '923339628');
INSERT INTO clientes (id, apellidos, dni, email, nombres, telefono) VALUES (7, 'Adara Edwards', '65674722', 'eros.turpis.non@outlook.org', 'Charde Ingram', '981331778');
INSERT INTO clientes (id, apellidos, dni, email, nombres, telefono) VALUES (8, 'Jesse Harper', '26683922', 'felis.eget@aol.org', 'Arsenio Holloway', '966845989');
INSERT INTO clientes (id, apellidos, dni, email, nombres, telefono) VALUES (9, 'Xyla Barnes', '37489362', 'interdum.nunc@icloud.couk', 'Pamela Hayes', '992668785');
INSERT INTO clientes (id, apellidos, dni, email, nombres, telefono) VALUES (10, 'Maite Martin', '63518163', 'scelerisque@protonmail.com', 'Yvonne Key', '981893497');
INSERT INTO clientes (id, apellidos, dni, email, nombres, telefono) VALUES (11, 'Inez Clark', '32324622', 'magna@hotmail.couk', 'Hiram Wilcox', '913366668');
INSERT INTO clientes (id, apellidos, dni, email, nombres, telefono) VALUES (12, 'Reagan Shepard', '73533753', 'ac.mattis@outlook.ca', 'Constance Bates', '923179546');
INSERT INTO clientes (id, apellidos, dni, email, nombres, telefono) VALUES (13, 'Tashya Hicks', '86362952', 'orci.in@icloud.couk', 'Larissa Chang', '963238696');
INSERT INTO clientes (id, apellidos, dni, email, nombres, telefono) VALUES (14, 'Nathaniel Morton', '73741456', 'risus.duis.a@protonmail.couk', 'Jameson Maddox', '951382655');
INSERT INTO clientes (id, apellidos, dni, email, nombres, telefono) VALUES (15, 'Cruz Trujillo', '54998245', 'primis.in@aol.edu', 'Dustin Williams', '929665582');
INSERT INTO clientes (id, apellidos, dni, email, nombres, telefono) VALUES (16, 'Francis Shepherd', '57591574', 'sapien.cursus@google.com', 'Micah Holt', '914442622');
INSERT INTO clientes (id, apellidos, dni, email, nombres, telefono) VALUES (17, 'Briar Sexton', '32651243', 'mi@google.net', 'Jeremy Luna', '979717455');
INSERT INTO clientes (id, apellidos, dni, email, nombres, telefono) VALUES (18, 'Geoffrey Hanson', '19323235', 'mauris.blandit@outlook.net', 'Britanney Carney', '918592783');
INSERT INTO clientes (id, apellidos, dni, email, nombres, telefono) VALUES (19, 'Reed Dickson', '85974834', 'sed.dictum@outlook.edu', 'Shay Silva', '942951298');
INSERT INTO clientes (id, apellidos, dni, email, nombres, telefono) VALUES (20, 'Amelia Wolf', '43862389', 'laoreet.lectus@protonmail.org', 'Baxter Henry', '977541828');
INSERT INTO clientes (id, apellidos, dni, email, nombres, telefono) VALUES (21, 'Smith Johnson', '12345678', 'smith@example.com', 'John Doe', '555-123-4567');
INSERT INTO clientes (id, apellidos, dni, email, nombres, telefono) VALUES (22, 'Brown Davis', '98765432', 'brown@example.com', 'Emily Smith', '555-987-6543');
INSERT INTO clientes (id, apellidos, dni, email, nombres, telefono) VALUES (23, 'Wilson Miller', '24681357', 'wilson@example.com', 'Sarah Johnson', '555-246-8135');
INSERT INTO clientes (id, apellidos, dni, email, nombres, telefono) VALUES (24, 'Jones Williams', '13579246', 'jones@example.com', 'Michael Brown', '555-135-7924');
INSERT INTO clientes (id, apellidos, dni, email, nombres, telefono) VALUES (25, 'Clark Davis', '86420973', 'clark@example.com', 'Jennifer Wilson', '555-864-2097');
INSERT INTO clientes (id, apellidos, dni, email, nombres, telefono) VALUES (26, 'Hall Lee', '75319842', 'hall@example.com', 'David Jones', '555-753-1984');
INSERT INTO clientes (id, apellidos, dni, email, nombres, telefono) VALUES (27, 'Martin Moore', '62087435', 'martin@example.com', 'Elizabeth Clark', '555-620-8743');
INSERT INTO clientes (id, apellidos, dni, email, nombres, telefono) VALUES (28, 'White Taylor', '48925761', 'white@example.com', 'Christopher Hall', '555-489-2576');
INSERT INTO clientes (id, apellidos, dni, email, nombres, telefono) VALUES (29, 'Walker Wilson', '35748692', 'walker@example.com', 'Jessica Martin', '555-357-4869');


INSERT INTO productos (id, nombre, precio) VALUES (1, 'Laptop HP Pavilion', 899.99);
INSERT INTO productos (id, nombre, precio) VALUES (2, 'Smartphone Samsung Galaxy S21', 999.99);
INSERT INTO productos (id, nombre, precio) VALUES (3, 'Tablet Apple iPad Pro', 799.99);
INSERT INTO productos (id, nombre, precio) VALUES (4, 'Monitor LG UltraWide', 499.99);
INSERT INTO productos (id, nombre, precio) VALUES (5, 'Impresora Epson EcoTank', 299.99);
INSERT INTO productos (id, nombre, precio) VALUES (6, 'Cafetera Nespresso Vertuo', 179.99);
INSERT INTO productos (id, nombre, precio) VALUES (7, 'Auriculares Sony WH-1000XM4', 349.99);
INSERT INTO productos (id, nombre, precio) VALUES (8, 'Altavoz Bluetooth JBL', 79.99);
INSERT INTO productos (id, nombre, precio) VALUES (9, 'Teclado mecánico Corsair', 129.99);
INSERT INTO productos (id, nombre, precio) VALUES (10, 'Mouse gaming Logitech G Pro', 59.99);
INSERT INTO productos (id, nombre, precio) VALUES (11, 'Laptop Dell XPS 15', 1399.99);
INSERT INTO productos (id, nombre, precio) VALUES (12, 'Smartphone iPhone 13', 1099.99);
INSERT INTO productos (id, nombre, precio) VALUES (13, 'Tablet Samsung Galaxy Tab S7', 699.99);
INSERT INTO productos (id, nombre, precio) VALUES (14, 'Monitor ASUS ROG Swift', 799.99);
INSERT INTO productos (id, nombre, precio) VALUES (15, 'Impresora HP LaserJet Pro', 349.99);
INSERT INTO productos (id, nombre, precio) VALUES (16, 'Licuadora Ninja', 89.99);
INSERT INTO productos (id, nombre, precio) VALUES (17, 'Auriculares Bose QuietComfort', 299.99);
INSERT INTO productos (id, nombre, precio) VALUES (18, 'Altavoz Sonos Play:1', 149.99);
INSERT INTO productos (id, nombre, precio) VALUES (19, 'Teclado inalámbrico Logitech', 69.99);
INSERT INTO productos (id, nombre, precio) VALUES (20, 'Mouse Microsoft Surface', 49.99);
INSERT INTO productos (id, nombre, precio) VALUES (21, 'Robot Aspirador', 975.8);
INSERT INTO productos (id, nombre, precio) VALUES (22, 'Alexa flex', 2076.65);
INSERT INTO productos (id, nombre, precio) VALUES (23, 'Interruptor wifi', 1696.46);
INSERT INTO productos (id, nombre, precio) VALUES (24, 'Iphone 11', 997.16);
INSERT INTO productos (id, nombre, precio) VALUES (25, 'Laptop Dell XPS 13', 1499.99);
INSERT INTO productos (id, nombre, precio) VALUES (26, 'Samsung Galaxy S21', 799.99);
INSERT INTO productos (id, nombre, precio) VALUES (27, 'Sony PlayStation 5', 499.99);
INSERT INTO productos (id, nombre, precio) VALUES (28, 'Nintendo Switch', 299.99);
INSERT INTO productos (id, nombre, precio) VALUES (29, 'Apple Watch Series 7', 399.99);
INSERT INTO productos (id, nombre, precio) VALUES (30, 'Cámara Canon EOS R5', 3899.99);
INSERT INTO productos (id, nombre, precio) VALUES (31, 'Auriculares inalámbricos Sony', 149.99);
INSERT INTO productos (id, nombre, precio) VALUES (32, 'Smartphone OnePlus 9', 699.99);
INSERT INTO productos (id, nombre, precio) VALUES (33, 'Teclado mecánico gaming', 79.99);
INSERT INTO productos (id, nombre, precio) VALUES (34, 'Monitor 4K LG', 399.99);
INSERT INTO productos (id, nombre, precio) VALUES (35, 'Cafetera Nespresso', 199.99);
INSERT INTO productos (id, nombre, precio) VALUES (36, 'Tableta gráfica Wacom', 299.99);
INSERT INTO productos (id, nombre, precio) VALUES (37, 'Aspiradora robot Roomba', 349.99);
INSERT INTO productos (id, nombre, precio) VALUES (38, 'Impresora láser Brother', 229.99);
INSERT INTO productos (id, nombre, precio) VALUES (39, 'Licuadora Oster', 79.99);
INSERT INTO productos (id, nombre, precio) VALUES (40, 'Cámara GoPro Hero 10', 399.99);



INSERT INTO ventas (id, fecha, cliente_id) VALUES (3, '2023-10-12', 1);
INSERT INTO ventas (id, fecha, cliente_id) VALUES (4, '2023-10-14', 4);
INSERT INTO ventas (id, fecha, cliente_id) VALUES (5, '2023-10-14', 10);
INSERT INTO ventas (id, fecha, cliente_id) VALUES (6, '2023-10-15', 6);
INSERT INTO ventas (id, fecha, cliente_id) VALUES (7, '2023-10-19', 2);
INSERT INTO ventas (id, fecha, cliente_id) VALUES (8, '2023-10-19', 12);
INSERT INTO ventas (id, fecha, cliente_id) VALUES (9, '2023-10-20', 12);
INSERT INTO ventas (id, fecha, cliente_id) VALUES (10, '2023-10-20', 12);



INSERT INTO detalles_venta (id, cantidad, producto_id, venta_id) VALUES (1, 1, 1, 3);
INSERT INTO detalles_venta (id, cantidad, producto_id, venta_id) VALUES (2, 2, 3, 3);
INSERT INTO detalles_venta (id, cantidad, producto_id, venta_id) VALUES (3, 1, 4, 4);
INSERT INTO detalles_venta (id, cantidad, producto_id, venta_id) VALUES (4, 3, 3, 4);
INSERT INTO detalles_venta (id, cantidad, producto_id, venta_id) VALUES (5, 1, 10, 5);
INSERT INTO detalles_venta (id, cantidad, producto_id, venta_id) VALUES (6, 5, 2, 5);
INSERT INTO detalles_venta (id, cantidad, producto_id, venta_id) VALUES (7, 4, 13, 6);
INSERT INTO detalles_venta (id, cantidad, producto_id, venta_id) VALUES (8, 12, 8, 7);
INSERT INTO detalles_venta (id, cantidad, producto_id, venta_id) VALUES (9, 1, 3, 7);
INSERT INTO detalles_venta (id, cantidad, producto_id, venta_id) VALUES (10, 3, 9, 8);
INSERT INTO detalles_venta (id, cantidad, producto_id, venta_id) VALUES (11, 2, 3, 8);
INSERT INTO detalles_venta (id, cantidad, producto_id, venta_id) VALUES (12, 1, 2, 9);
INSERT INTO detalles_venta (id, cantidad, producto_id, venta_id) VALUES (13, 3, 5, 9);
INSERT INTO detalles_venta (id, cantidad, producto_id, venta_id) VALUES (14, 5, 9, 10);
INSERT INTO detalles_venta (id, cantidad, producto_id, venta_id) VALUES (15, 6, 3, 10);







